{"train_loss": [3.969160945526936, 3.795589910976638, 4.150739173265052, 3.4956311545785925, 3.2049203611632526, 3.1316668798562293, 3.0343615776166133, 3.09942685008048, 2.966587470553392, 3.1875463095124053, 3.151702554652025, 3.103724927464084, 2.885774279388678, 2.8448215760769213, 2.791471548849917, 3.0150710097645983, 3.0576347333441194, 2.8349534171986925, 2.7927032430582677, 2.7710335434402333, 2.714702922981891, 2.7950811231943176, 2.7365506494731386, 2.740901141432465, 2.6904432043581776, 2.846492937120031, 2.758387698013572, 2.7538975141452298, 2.687994231423461, 2.7656097670670388], "train_acc": [0.2514222222222222, 0.26653333333333334, 0.24353333333333332, 0.35242222222222225, 0.4209333333333333, 0.44308888888888887, 0.4682, 0.4390222222222222, 0.4765333333333333, 0.42295555555555553, 0.4233777777777778, 0.42562222222222224, 0.5098222222222222, 0.5192888888888889, 0.5385333333333333, 0.4562888888888889, 0.435, 0.5226222222222222, 0.5379777777777778, 0.5443555555555556, 0.5682666666666667, 0.5406444444444445, 0.5623555555555556, 0.5558444444444445, 0.5786444444444444, 0.5275333333333333, 0.5527555555555556, 0.5541333333333334, 0.5810222222222222, 0.5554888888888889], "val_loss": [3.9763314787286514, 3.8222979613183794, 4.218803721017389, 3.5706545178856954, 3.2658966638407065, 3.1990142274792635, 3.0834498893579827, 3.180210559218164, 3.032295197553485, 3.279338793256218, 3.260402221827901, 3.2215807377432073, 2.998107431080665, 2.9485832284584177, 2.9247085193054234, 3.1352552973114394, 3.2100709474063147, 2.9836049187388705, 2.9470985154466476, 2.9261933994532883, 2.871040767604019, 2.9594175938569864, 2.896344524310924, 2.924305590641084, 2.8751742252707286, 3.061418630859285, 2.936777476281161, 2.948128578432274, 2.8853304634935126, 2.9935855069203168], "val_acc": [0.2554, 0.2696, 0.2348, 0.3438, 0.4132, 0.4294, 0.4582, 0.4164, 0.459, 0.41, 0.4024, 0.3928, 0.478, 0.4878, 0.4922, 0.4278, 0.3958, 0.4778, 0.4914, 0.5012, 0.5266, 0.49, 0.515, 0.4962, 0.5194, 0.4638, 0.4964, 0.4974, 0.5232, 0.4878]}