{"train_loss": [3.3046554236924655, 3.2411890900419453, 3.1246895155268035, 3.0625737661827266, 3.0822375428885014, 3.0332943594590445, 3.001944279248942, 3.0144809532319496, 2.9927786297129297, 2.9459992974719493, 2.95628949317067, 2.995015930682242, 2.925925087983029, 2.9244062643936557, 2.918816245511934, 2.9149934960480834, 2.9166710381711454, 2.8941907532750273, 2.891400995545612, 2.8958173304853165, 2.883603853834548, 2.887176524695139, 2.8858655189188958, 2.8768804445023584, 2.8701443832356635, 2.8646538095256115, 2.860008999916265, 2.861313347094886, 2.8614778239680954, 2.8561626053090228], "train_acc": [0.3078, 0.31924444444444444, 0.3608222222222222, 0.39326666666666665, 0.38353333333333334, 0.4080666666666667, 0.4140666666666667, 0.407, 0.4189111111111111, 0.43966666666666665, 0.433, 0.41935555555555554, 0.4472888888888889, 0.44524444444444444, 0.4468888888888889, 0.4484222222222222, 0.44477777777777777, 0.45993333333333336, 0.46068888888888887, 0.45544444444444443, 0.4623111111111111, 0.4600444444444444, 0.4594666666666667, 0.46797777777777777, 0.4670666666666667, 0.4694888888888889, 0.47404444444444443, 0.4713555555555556, 0.4695111111111111, 0.4727777777777778], "val_loss": [3.29422931389089, 3.245782264938679, 3.129985049898464, 3.0754660444988353, 3.10018200051496, 3.0523432235198342, 3.0241874003542364, 3.0324714763287695, 3.0196814683222506, 2.9736191115482438, 2.9874812604229146, 3.027193933117018, 2.960566611402295, 2.9638082353828343, 2.956059806290214, 2.953413302926214, 2.9597412773946816, 2.935155129482438, 2.93618348629654, 2.938980784055185, 2.9310332670654526, 2.935965039445012, 2.9332884838402995, 2.927471167724934, 2.920011423623664, 2.916593427183737, 2.912546958224075, 2.914163889592136, 2.9174670296517813, 2.910766531508444], "val_acc": [0.3104, 0.3062, 0.3664, 0.3994, 0.384, 0.4004, 0.4054, 0.4042, 0.4062, 0.4302, 0.4254, 0.4094, 0.437, 0.4306, 0.4298, 0.4356, 0.4282, 0.4408, 0.4424, 0.4396, 0.4466, 0.4416, 0.439, 0.445, 0.4526, 0.4496, 0.4524, 0.4448, 0.4536, 0.4476]}