{"train_loss": [6.559844612584087, 6.028889412859583, 5.7970556017748915, 5.319944285745928, 5.13044177326456, 4.9462670678482015, 4.803842417699686, 4.912041583540626, 4.5320560238145795, 4.596731026499817, 4.509689952616638, 4.410333007020599, 5.190411189231757, 4.288398946713848, 4.22854793009058, 4.183383626700556, 4.463901219217824, 4.733719415620854, 4.269046296181489, 4.266728234288981, 4.0947771224731975, 4.004889515337128, 4.088148603017957, 4.146578734305933, 4.060930923419741, 3.9605208620955894, 3.9679443984792204, 3.9347770780916447, 3.8466243408092673, 3.9102400774792123], "train_acc": [0.30273333333333335, 0.3132, 0.3008222222222222, 0.3978, 0.4099333333333333, 0.4402, 0.4525777777777778, 0.38526666666666665, 0.5081555555555556, 0.46244444444444444, 0.48704444444444445, 0.4995777777777778, 0.3237777777777778, 0.5226222222222222, 0.529, 0.5328, 0.4696444444444444, 0.36015555555555556, 0.48735555555555554, 0.48706666666666665, 0.5533555555555556, 0.5721333333333334, 0.5393555555555556, 0.5279111111111111, 0.5443777777777777, 0.5741333333333334, 0.5624666666666667, 0.5862666666666667, 0.6127555555555556, 0.5919555555555556], "val_loss": [6.591750091859268, 6.048546873211162, 5.835567688886682, 5.361508707637716, 5.201313166900118, 5.030421801306972, 4.873064098601278, 4.97024396508579, 4.628190896919033, 4.694193360753744, 4.607312610405769, 4.525365766045385, 5.2691083050808665, 4.418293932621788, 4.372627994835935, 4.327355990514759, 4.601367429977936, 4.9155447378908, 4.445907149041876, 4.460673278941648, 4.275517974219426, 4.2059062164431555, 4.293498340210081, 4.336015096451573, 4.261365845657469, 4.176218361817861, 4.19118676151041, 4.160452424201783, 4.089742117924046, 4.168699807036402], "val_acc": [0.2836, 0.3086, 0.291, 0.3842, 0.387, 0.4158, 0.43, 0.3686, 0.4644, 0.4292, 0.4532, 0.4542, 0.3088, 0.4792, 0.4726, 0.4842, 0.4216, 0.3212, 0.4272, 0.4292, 0.4902, 0.502, 0.468, 0.4662, 0.4878, 0.5052, 0.4894, 0.5016, 0.5258, 0.5014]}