{"train_loss": [5.799868975370676, 5.176288045433893, 5.133932871434725, 4.52345973975899, 4.770663021025335, 4.1970860504404195, 4.09913572272763, 4.005763004832467, 4.088096072580781, 3.841138980677962, 3.833370584947893, 4.745458304418078, 3.8072684060980277, 3.8370975905688836, 3.785837070486176, 3.6825403120912608, 3.7630404953786654, 3.6204117429173537, 3.772666367195285, 3.6692076609559403, 3.6339503617472593, 3.650334450805076, 3.680886474526244, 3.752792494700847, 3.53981654863583, 3.40130161264606, 3.521566790945223, 3.4340134285498185, 3.432814113496843, 3.498950222238635], "train_acc": [0.20386666666666667, 0.2707555555555556, 0.28315555555555555, 0.3914666666666667, 0.3081777777777778, 0.4498, 0.46584444444444445, 0.4751111111111111, 0.4414666666666667, 0.5137333333333334, 0.5048888888888889, 0.3139777777777778, 0.4976, 0.4832222222222222, 0.5076, 0.5258444444444444, 0.4931333333333333, 0.5406666666666666, 0.4918, 0.5197111111111111, 0.5243111111111111, 0.519, 0.5194666666666666, 0.4976888888888889, 0.5635777777777777, 0.6154222222222222, 0.5579555555555555, 0.5946, 0.5970444444444445, 0.5644], "val_loss": [5.793801468342119, 5.182150720190147, 5.204667218751219, 4.589135631919727, 4.869196481443927, 4.282833762411547, 4.18832104584341, 4.1200512434360075, 4.22045051611802, 3.971868474309225, 3.9647630945400234, 4.914344575424984, 3.9512634576983974, 4.006451209929862, 3.9402920586777603, 3.856591233567506, 3.965214307996723, 3.8069109646015926, 3.9885307299353574, 3.878241807986571, 3.8502314236884603, 3.8508880068919336, 3.882019506104667, 3.983538788538974, 3.7672281831189425, 3.6517229954531887, 3.7656444559309676, 3.692027573134608, 3.6935236216546405, 3.7601519817691944], "val_acc": [0.209, 0.2692, 0.2676, 0.372, 0.2858, 0.422, 0.4296, 0.4452, 0.4124, 0.4764, 0.4634, 0.294, 0.4548, 0.4442, 0.4718, 0.4662, 0.44, 0.494, 0.428, 0.4606, 0.466, 0.4656, 0.4594, 0.4392, 0.496, 0.5316, 0.483, 0.5142, 0.522, 0.489]}