{"train_loss": [4.568778609973126, 4.460152190869668, 4.438556402727679, 4.293998715054779, 3.630614169655531, 3.3826162873286267, 4.440717608038657, 3.3557085055836877, 3.317319951770028, 3.254795897384665, 3.150287624710659, 3.1339847894807527, 3.1592971401647136, 3.2513558324733824, 3.069199009422055, 3.062849306989987, 3.019030896458114, 3.078644038512837, 3.1193396851159823, 2.989305690014878, 3.006923494797369, 2.991963830862934, 3.1527507292486243, 3.0784750086014805, 2.92743887015088, 3.0177809611083752, 3.0462063959837486, 2.92062410476764, 3.2146538912942, 2.933072078112869], "train_acc": [0.21602222222222223, 0.2451111111111111, 0.23502222222222222, 0.25333333333333335, 0.36031111111111114, 0.4471333333333333, 0.23424444444444445, 0.4487777777777778, 0.4442, 0.4590666666666667, 0.5007777777777778, 0.4998666666666667, 0.49135555555555555, 0.46453333333333335, 0.5116, 0.5168444444444444, 0.5244444444444445, 0.4917111111111111, 0.4979777777777778, 0.5415111111111112, 0.5349111111111111, 0.5370222222222222, 0.48891111111111113, 0.5122222222222222, 0.5569111111111111, 0.5234222222222222, 0.5183555555555556, 0.5607111111111112, 0.48013333333333336, 0.5595777777777777], "val_loss": [4.576504369949379, 4.527488364517719, 4.464722493471211, 4.373637290463913, 3.6977475016987427, 3.4532906266101744, 4.536857574584894, 3.4212327029073957, 3.397895524013056, 3.3508502509278166, 3.252820385758813, 3.242035283791056, 3.266971670604432, 3.388975124380808, 3.191175811368905, 3.2011523591120605, 3.152344708544308, 3.2134036929381935, 3.26893980826333, 3.1523202610753405, 3.1760627259448295, 3.1637436362564157, 3.32865072656841, 3.2432142262193335, 3.110983058400678, 3.1978915382144413, 3.2326348693318057, 3.122115180646013, 3.422949004547439, 3.1422476863643682], "val_acc": [0.22, 0.2222, 0.2308, 0.2368, 0.3392, 0.4218, 0.2142, 0.4202, 0.4148, 0.4356, 0.4684, 0.4572, 0.4676, 0.4254, 0.4738, 0.468, 0.4838, 0.4524, 0.4538, 0.49, 0.4798, 0.4888, 0.4446, 0.4642, 0.4944, 0.4836, 0.462, 0.502, 0.4294, 0.4998]}